inicio,fin,eventos,ICME,SIR,instantes,acierto,falsa_alarma,puntuacion
2008-09-23 21:37:00,2008-10-05 21:37:00,2,0,2,1901,1.0,0.0841,0.9579
2008-09-28 19:12:00,2008-10-10 19:12:00,3,0,3,2080,1.0,0.216,0.892
2008-07-05 06:37:00,2008-07-17 06:37:00,2,0,2,1954,0.9736,0.6044,0.6714
2008-08-11 20:28:00,2008-08-23 20:28:00,3,0,3,3388,1.0,0.66,0.67
2008-07-08 01:12:00,2008-07-20 01:12:00,3,0,3,2683,0.9736,0.8683,0.5395
2008-03-23 15:12:00,2008-04-04 15:12:00,3,0,3,2503,1.0,0.9381,0.531
2008-01-25 17:02:00,2008-02-06 17:02:00,2,0,2,3412,1.0,1.0,0.5
2008-01-28 15:12:00,2008-02-09 15:12:00,3,0,3,2408,1.0,1.0,0.5
2008-03-20 16:12:00,2008-04-01 16:12:00,2,0,2,3399,1.0,1.0,0.5
2008-02-04 22:34:00,2008-02-16 22:34:00,3,0,3,2968,0.4152,0.0767,0.3769
